{"2-way match": 19722.903703703705, "3-way match, invoice after GR": 19063.363045738046, "3-way match, invoice before GR": 3522.987250699988, "Consignment": 0.0, "__global__": 15000.0}