{"if_mean": -0.06885264982167076, "if_std": 0.015742337317379857, "lstm_case_mean": 0.0031350180272174573, "lstm_case_std": 0.006412868953156125, "lstm_temp_mean": 0.009899408671371002, "lstm_temp_std": 0.02288714501138439}