{"threshold": -0.004968479137901739, "mean": -0.06885264982167079, "std": 0.01574233731737986, "p99": -1.0762908847581493e-16, "contamination": 0.01}