{"case": 0.03659230947494509, "structural": 0.015434879474341872, "temporal": 0.23}