{"NONE": 5.520768833002504, "batch_00": 2.44305617781197, "batch_02": 2.0126407482275317, "batch_03": 1.7769307922444177, "batch_04": 1.0849562226603957, "batch_06": 2.301217302586321, "batch_07": 1.5770985493525966, "batch_08": 5.846251454603257, "batch_10": 1.996681729622095, "batch_11": -0.0, "user_030": -0.0, "user_033": 5.121838231181549, "user_036": 3.5381860004957466, "user_038": 3.914934419182039, "user_040": 3.834306400175999, "user_042": 4.0892716250219685, "user_043": 2.1740674585524866, "user_045": 4.4271017221017495, "user_051": 1.6019636926149676, "user_052": 3.6585670792993086, "user_054": 2.0950365682851975, "user_057": 1.6220908870134447, "user_059": 3.802143708461136, "user_060": 2.2477341739961973, "user_063": 4.661660296179634, "user_064": 3.08012512969455, "user_066": 3.9991082052016, "user_068": 4.155164126356094, "user_070": 3.6146660944242557, "user_072": 2.40200798532033, "user_075": 0.9818723601388848, "user_078": 3.386003531077596, "user_079": 4.931550039961525, "user_081": -0.0, "user_084": 2.373116186128596, "user_085": 3.927821236536372, "user_089": 3.36784348412788, "user_090": 2.6460193392757105, "user_091": 2.6132507164216734, "user_092": 4.216962429120702, "user_095": 6.005880721419448, "user_097": 3.474137969613143, "user_100": 3.3895187757287726, "user_102": 3.4958407699677965, "user_103": 2.2971149557842225, "user_105": 3.1289654216684513, "user_106": 1.9611316742501974, "user_108": 1.5962617878148857, "user_109": 3.0759804540980484, "user_116": 2.9053077763737463, "user_117": 3.712355866094228, "user_119": 3.3822097781993308, "user_121": 2.3393337893857873, "user_122": 1.360964047443681, "user_124": 5.4323138710952925, "user_125": 1.3787834934861753, "user_128": -0.0, "user_129": -0.0, "user_131": 0.6500224216483541, "user_134": 1.0375317354608207, "user_135": 3.207306181985888, "user_136": 1.625270997851351, "user_138": 0.36445169148350176, "user_141": 5.331521105936448, "user_142": 2.8520161187777355, "user_146": 0.9182958340544896, "user_147": 3.669794266715831, "user_148": 5.067243233783917, "user_150": -0.0, "user_151": 0.9910760598382222, "user_153": 1.669742433056508, "user_154": 3.841899979992907, "user_156": 1.7170717769714834, "user_158": 0.5402911831251367, "user_159": 1.4056390622295665, "user_160": 1.945583540041326, "user_161": -0.0, "user_163": 2.715618182375836, "user_164": 3.7581552665262805, "user_167": 3.9713315643772704, "user_169": 0.9864267287308424, "user_171": 3.2928799862719536, "user_172": 4.04299702859427, "user_173": 1.9232196723355077, "user_176": 3.0822757736956743, "user_177": 3.43553262193106, "user_178": 2.93162756946621, "user_180": 0.6219041416291193, "user_187": 3.5084676071730994, "user_191": 2.6780086400269196, "user_192": 4.440939056609542, "user_193": 2.874764986321009, "user_194": 2.6890700710887536, "user_195": 0.04307048235072913, "user_198": 1.0, "user_199": 2.263809173883546, "user_200": 3.0716128088300483, "user_201": 2.9131816186325046, "user_203": -0.0, "user_204": 3.5346270372905613, "user_206": 0.7219280948873623, "user_207": 2.9616747299460657, "user_208": 2.7009842199247824, "user_209": 0.8812908992306927, "user_213": 3.123978584448175, "user_214": 0.4373143679622825, "user_215": 1.3956735799127675, "user_216": 1.769920279401439, "user_218": 0.37123232664087563, "user_222": -0.0, "user_223": 1.9219280948873623, "user_225": 1.2987949406953985, "user_227": -0.0, "user_229": -0.0, "user_231": 2.1330880708247673, "user_234": 2.4508206396065524, "user_236": 0.27790019762551116, "user_238": -0.0, "user_239": 3.1586949695628417, "user_240": 1.3630025912745267, "user_243": 1.7833203369944857, "user_249": 1.6577427265048887, "user_252": 1.773697894581558, "user_256": 2.287783719941071, "user_257": 5.700445669754375, "user_263": 3.316377046577442, "user_266": 2.336478423651303, "user_267": 0.6500224216483541, "user_271": 0.8203636429576731, "user_272": 3.014044004094743, "user_274": 2.672323133567084, "user_277": 2.2331907114976888, "user_278": 2.353533948577482, "user_279": 2.2030741894285697, "user_280": 2.8017742701191173, "user_284": 0.9709505944546686, "user_285": -0.0, "user_287": 1.75, "user_288": 0.15109697051711368, "user_289": 1.061278124459133, "user_292": -0.0, "user_297": -0.0, "user_299": 3.144513731192502, "user_303": -0.0, "user_305": -0.0, "user_307": -0.0, "user_308": 4.145689106321251, "user_310": 3.0, "user_311": 0.34580360860636805, "user_316": -0.0, "user_317": -0.0, "user_319": 0.4394969869215134, "user_320": -0.0, "user_322": 3.680615528048005, "user_326": 2.3037016960573484, "user_329": 1.8423709931771088, "user_334": -0.0, "user_335": -0.0, "user_339": -0.0, "user_349": 0.1425733302598987, "user_361": -0.0, "user_373": -0.0, "user_374": -0.0, "user_377": 4.999424254764641, "user_382": -0.0, "user_386": -0.0, "user_387": -0.0, "user_388": 2.186213307820269, "user_392": -0.0, "user_394": -0.0, "user_398": -0.0, "user_602": 2.2570810261038674, "user_603": 3.7081893241651542}